id,municipios,bairros_ibge,setores,pop,domicilios,criancas_0_14,jovens_15_29,renda_media_resp,pct_fcu,pct_preta_parda,sem_fundamental_25_2010,desocupacao_2010,comunidades_fcu,unidade_mais_proxima,dist_km,loja_venda_mais_proxima,dist_venda_km,lat,lon
1,Porto Alegre,Mário Quintana | Rubem Berta | Passo das Pedras,71,38555,14126,8951,9805,1623.38,45.04,47.26,38.94,5.56,Vila Wenceslau Fontoura | Cooperativa Marcos Klassman | Vila Batista Flores | Parque Chico Mendes | Chácara da Fumaça | Vila Safira | Vila Timbaúva III | Vila Passo das Pedras II | Conquista | Vila Operária,SH Center Lar,3.91,SH Center Lar,3.91,-30.03,-51.11
2,Porto Alegre,Vila São José | Coronel Aparício Borges | Partenon | Cascata | Glória | Vila João Pessoa | Agronomia,60,34346,11944,8223,8958,1668.92,75.66,51.35,40.25,7.45,Vila Sudeste | Vila São José | Vila Vidal de Negreiros | Vila Vargas | Vila Vale dos Canudos | Vila Campo da Tuca | Chácara das Bananeiras | Colina Verde | Vila Glorinha | Batillanas | Vila Primeiro de Maio | Vila Alto Embratel | Vila Graciliano,SH Bourbon Ipiranga,2.99,SH Bourbon Ipiranga,2.99,-30.08,-51.17
3,Canoas,Guajuviras,28,21514,7183,5646,5512,1489.76,17.6,34.86,51.86,10.63,São José I | São José II | São José III | São José IV | São João,SH Park Canoas,4.12,SH Park Canoas,4.12,-29.89,-51.13
4,Porto Alegre,Santa Tereza | Cristal | Nonoai,37,20987,7367,4902,5509,1577.94,82.03,51.35,20.98,5.72,Vila Gaúcha | Vila Figueira | Vila Rio Branco | Ecológica | Vila Pantanal | Vila Tronco | Vila Orfanatrófio I | Vila Cruzeiro do Sul | Vila Orfanatrófio II | Vila Arapeí | Vila Mato Grosso | Arabutã Pedreira,SH Barrasul,1.98,SH Barrasul,1.98,-30.08,-51.23
5,Canoas,Harmonia | Mathias Velho,27,16094,5681,3352,3874,1803.25,1.77,27.12,57.97,6.25,Barca,SH Canoas,3.29,SH Canoas,3.29,-29.91,-51.22
6,Porto Alegre,Santa Rosa de Lima | Sarandi,25,15821,5871,3318,3736,1639.05,7.55,40.38,42.21,5.64,Vila Nossa Senhora Aparecida | Recanto do Chimarrão | Vila Dois Toques | Vila Quatorze de Novembro,SH Center Lar,2.6,SH Center Lar,2.6,-30,-51.1
7,Porto Alegre,Bom Jesus | Jardim Carvalho,26,14778,4872,3799,3933,1560.33,97.9,55.91,29.9,5.29,Vila Divinéia / Vila Pinto / Vila Mato Sampaio | Vila Brasília I,Loja Adm Porto Alegre,0.52,SH Iguatemi POA,2.39,-30.05,-51.16
8,Cachoeirinha,,26,13674,4974,2847,3272,1675.78,44.39,27.76,42.02,6.61,Vila Anair A | Caí | Jardins do Bosque,SH do Vale,2.06,SH do Vale,2.06,-29.92,-51.08
9,Porto Alegre,Farrapos | Humaitá,21,12940,4512,3207,3522,1562.07,52.41,44.99,42.82,7.92,Vila Mário Quintana | Pampa | Jardim Navegantes | Vila Tio Zeca/Vila Areia | Vila Operária/Vila Pirulito/Vila AJ Renner | Vila Dona Teodora | Vila Santo Antônio,Aero Salgado Filho,2.37,SH Bourbon Wallig,4.67,-29.98,-51.2
10,Sapucaia do Sul,,18,11983,4134,2899,3101,1692.58,0,28.31,57.08,6.5,,LJ Sapucaia do Sul,2.01,LJ Sapucaia do Sul,2.01,-29.82,-51.13
11,Porto Alegre,Sarandi,16,7877,2888,1618,1691,1714.74,100,32.24,51.42,6.25,Vila Minuano | Dique do Sarandi | Vila Nova Brasília | Vila União,SH Center Lar,1.63,SH Center Lar,1.63,-29.99,-51.14
12,Canoas,Fátima,7,6173,2233,1570,1605,1754.63,32.92,39.23,38.62,4.08,Loteamento Prata / Torres,CC Canoas,3.89,CC Canoas,3.89,-29.95,-51.2
13,Esteio,Parque Primavera | Jardim Planalto | Santo Inácio,9,5659,1986,1400,1507,1631.85,14.79,32.77,58.83,7.17,Vila Barreira,LJ Esteio,4.08,LJ Esteio,4.08,-29.86,-51.14
14,Gravataí,,7,4534,1584,1198,1206,1571.45,88.84,32.98,41,8.29,Tom Jobim,SH do Vale,4.15,SH do Vale,4.15,-29.9,-51.06
15,Guaíba,Santa Rita,9,4470,1593,927,1014,1763.66,34.03,31.94,45.57,6.88,Vila Aglae Kehl | Vila Bença | Vila Esperança,LJ Guaíba,2.53,LJ Guaíba,2.53,-30.09,-51.34
16,Gravataí,,7,4442,1440,1203,1240,1508.14,100,32.67,43.39,6.93,Rincão da Madalena,SH Gravataí,3.86,SH Gravataí,3.86,-29.93,-50.97
17,Porto Alegre,Sarandi,6,4165,1379,976,1068,1543.66,75.75,39,45.87,5.86,Vila Asa Branca | Vila Ipê / São Borja,SH Center Lar,1.42,SH Center Lar,1.42,-29.99,-51.12
18,Porto Alegre,Morro Santana,5,4048,1366,982,1077,1678.09,86.14,42.24,43.87,5.86,Jardim das Laranjeiras | Vila Nova Tijuca | Nova Pedreira,Loja Adm Porto Alegre,2.98,SH Iguatemi POA,3.88,-30.05,-51.13
19,Canoas,Niterói,6,3925,1374,911,952,1814.74,0,31.53,54.04,6.7,,Aero Salgado Filho,4.51,SH Park Canoas,4.87,-29.96,-51.16
20,Esteio,São José | Liberdade,7,3666,1334,774,887,1788.44,0,34.19,36.21,6.25,,LJ Esteio,2.08,LJ Esteio,2.08,-29.86,-51.16
21,Canoas,Rio Branco,5,3364,1128,741,815,1738.46,0,31.43,51.16,6.48,,Aero Salgado Filho,4.24,CC Canoas,5.37,-29.96,-51.2
22,Porto Alegre,Jardim Carvalho | Agronomia,5,3039,1028,770,769,1583.06,100,47.82,44.73,5.87,Nova Grécia | Colina do Prado | Vila Biriba | Vila Boa Vista,Loja Adm Porto Alegre,2.06,SH Bourbon Ipiranga,4.36,-30.06,-51.14
23,Cachoeirinha + Gravataí,,4,2946,994,719,740,1502.11,44.67,35.64,42.86,6.59,Canarinho,SH do Vale,4.61,SH do Vale,4.61,-29.9,-51.07
24,Porto Alegre,Partenon,7,2825,1001,600,685,1652.15,97.52,61.14,28.75,8.14,Vila Santa Clara | Vila Maria da Conceição,SH Bourbon Ipiranga,1.34,SH Bourbon Ipiranga,1.34,-30.06,-51.2
25,Porto Alegre,Costa e Silva,4,2521,860,657,677,1508.01,65.37,48.39,36.28,4.93,Vila Amazônia,SH Center Lar,1.77,SH Center Lar,1.77,-30.01,-51.11
26,Porto Alegre,Teresópolis,2,1969,657,488,516,1678.58,100,50.33,40.2,6.46,Vila Jardim Marabá,SH Bourbon Teresópolis,0.88,SH Bourbon Teresópolis,0.88,-30.08,-51.2
27,Gravataí,,5,1734,663,306,413,1714.14,15.46,28.94,45.22,8.91,Santa Cruz I,SH Gravataí,2.59,SH Gravataí,2.59,-29.93,-51
28,Guaíba,Santa Rita,2,1623,574,363,397,1726.26,100,27.81,35.11,5.4,Ipê | Mato Alto,LJ Guaíba,1.57,LJ Guaíba,1.57,-30.09,-51.31
29,Sapucaia do Sul,,2,1593,581,278,338,1874.25,0,27.95,40.82,6.29,,LJ Sapucaia do Sul,1.91,LJ Sapucaia do Sul,1.91,-29.84,-51.15
30,Esteio,Novo Esteio,4,1551,546,354,404,1629.51,67.89,42.62,38.05,6.76,Vila Pedreira,LJ Esteio,0.3,LJ Esteio,0.3,-29.85,-51.18
31,Porto Alegre,Camaquã | Cavalhada,3,1522,515,335,402,1668.85,0,45.07,33.07,5.07,,SH Barrasul,3.43,SH Barrasul,3.43,-30.11,-51.23
32,Sapucaia do Sul,,1,1504,496,421,406,1426.72,0,31.58,44.78,7.87,,LJ Sapucaia do Sul,4.25,LJ Sapucaia do Sul,4.25,-29.8,-51.19
33,Gravataí,,4,1502,532,279,337,1717.11,0,25.5,44.03,7.8,,SH Gravataí,2.21,SH Gravataí,2.21,-29.94,-51.02
34,Porto Alegre,Partenon,2,1502,573,271,366,1804.19,100,40.67,35.11,8.12,Vila São Judas Tadeu,SH Bourbon Ipiranga,1,SH Bourbon Ipiranga,1,-30.06,-51.18
35,Gravataí,,3,1466,490,421,387,1570.21,0,32.81,44.32,8.83,,SH do Vale,2.15,SH do Vale,2.15,-29.95,-51.07
36,Porto Alegre,Santa Rosa de Lima,1,1445,496,353,375,1680.73,0,43.49,52.57,6.33,,SH Center Lar,4.18,SH Center Lar,4.18,-29.98,-51.09
37,Porto Alegre,Cristal,4,1419,516,360,396,1431.46,80.2,45.6,33.07,5.07,Vila Nossa Senhora das Graças | Irmã Ermelinda,SH Barrasul,1.03,SH Barrasul,1.03,-30.09,-51.24
38,Sapucaia do Sul,,1,1279,494,243,359,1850.23,0,29.5,43.94,9.38,,LJ Sapucaia do Sul,3.21,LJ Sapucaia do Sul,3.21,-29.84,-51.12
39,Porto Alegre,Lomba do Pinheiro,1,1248,468,295,295,1562.79,0,48.07,43.87,5.86,,Loja Adm Porto Alegre,4.81,SH Bourbon Ipiranga,6.55,-30.09,-51.13
40,Cachoeirinha,,1,1139,412,347,286,1405.85,0,44.42,43.79,7.08,,SH do Vale,3.64,SH do Vale,3.64,-29.94,-51.12
41,Sapucaia do Sul,,1,1116,387,285,264,1809.48,0,28.99,38.85,4.25,,LJ Sapucaia do Sul,2.87,LJ Sapucaia do Sul,2.87,-29.8,-51.16
42,Porto Alegre,Vila Jardim,3,1098,417,190,252,1719.37,26.96,44.99,29.57,6.52,Ocupação Ernesto Pellanda,SH Iguatemi POA,1.46,SH Iguatemi POA,1.46,-30.03,-51.15
43,Porto Alegre,Camaquã,2,1061,385,221,279,1711.93,100,41.89,18.31,4.33,Vila São Vicente Mártir,SH Barrasul,2.21,SH Barrasul,2.21,-30.11,-51.24
44,Canoas,Mato Grande,1,986,328,250,250,1738.53,0,30.36,41.82,6.14,,CC Canoas,2.33,CC Canoas,2.33,-29.93,-51.2
45,Porto Alegre,Arquipélago,1,974,337,226,245,1615.56,0,29.91,42.82,7.92,,LJ Otávio Rocha,2.69,LJ Otávio Rocha,2.69,-30.03,-51.25
46,Porto Alegre,Floresta,2,972,291,285,307,1220.58,0,51.34,13.52,4.68,,SH Total,1.03,SH Total,1.03,-30.02,-51.21
47,Porto Alegre,Morro Santana,1,901,308,226,217,1708.22,0,42.73,43.87,5.86,,Loja Adm Porto Alegre,4.41,SH Iguatemi POA,5.12,-30.05,-51.11
48,Porto Alegre,Vila Jardim | Jardim Europa,4,892,354,177,182,1560.45,64.13,50.22,35.32,7.49,Beco São Leopoldo | Beco da Aquiles | Beco Vila da Paz,SH Iguatemi POA,0.98,SH Iguatemi POA,0.98,-30.03,-51.16
49,Sapucaia do Sul,,1,884,314,260,245,1484.94,100,40.27,44.78,7.87,Ocupação Mariele,LJ Sapucaia do Sul,1.67,LJ Sapucaia do Sul,1.67,-29.81,-51.16
50,Porto Alegre,Vila Nova,2,873,308,179,237,1832.31,28.75,40.21,31.13,7.37,Morro da Guampa,SH Bourbon Teresópolis,4.89,SH Bourbon Teresópolis,4.89,-30.12,-51.2
51,Gravataí,,2,852,313,156,184,1757.21,0,33.69,41,8.29,,SH do Vale,3.81,SH do Vale,3.81,-29.91,-51.05
52,Porto Alegre,Arquipélago,1,834,318,187,218,1817.89,0,27.13,42.82,7.92,,LJ Otávio Rocha,4.53,LJ Otávio Rocha,4.53,-30,-51.26
53,Cachoeirinha,,1,775,278,153,211,1837.84,0,30.23,43.79,7.08,,SH do Vale,3.45,SH do Vale,3.45,-29.95,-51.11
54,Sapucaia do Sul,,2,756,285,120,151,1834.43,0,17.72,49.18,7.91,,LJ Sapucaia do Sul,0.86,LJ Sapucaia do Sul,0.86,-29.83,-51.14
55,Sapucaia do Sul,,2,752,266,166,186,1690.86,0,27.39,44.78,7.87,,LJ Sapucaia do Sul,4.69,LJ Sapucaia do Sul,4.69,-29.8,-51.19
56,Porto Alegre,Nonoai,2,736,276,191,163,1748.56,100,59.92,21.08,5.75,Vila Alto Erechim | Vila Chácara Sperb,SH Bourbon Teresópolis,2.08,SH Bourbon Teresópolis,2.08,-30.09,-51.21
57,Guaíba,Columbia City,2,717,278,129,148,1597.65,29.71,10.6,47.43,6.62,Núcleo Bayer,LJ Guaíba,3.99,LJ Guaíba,3.99,-30.13,-51.35
58,Porto Alegre,Humaitá,2,700,207,245,183,1229.72,100,54.58,42.82,7.92,Santo André,Aero Salgado Filho,2.63,SH Bourbon Wallig,4.75,-29.97,-51.18
59,Gravataí,,1,664,237,160,163,1738.48,0,25.83,45.03,7.98,,SH do Vale,3.56,SH do Vale,3.56,-29.92,-51.04
60,Sapucaia do Sul,,1,661,252,131,134,1616.35,0,24.96,44.78,7.87,,LJ Sapucaia do Sul,3.31,LJ Sapucaia do Sul,3.31,-29.81,-51.18
61,Gravataí,,1,647,221,118,145,1546.27,0,41.8,41.69,6.99,,SH Gravataí,4.16,SH Gravataí,4.16,-29.94,-50.95
62,Porto Alegre,Partenon,1,630,185,178,186,1423.8,100,52.54,39.52,9.38,Vila São Pedro,SH Bourbon Ipiranga,0.2,SH Bourbon Ipiranga,0.2,-30.06,-51.19
63,Canoas,Mato Grande,1,610,205,152,160,1920.3,0,29.44,41.82,6.14,,SH Canoas,2.94,SH Canoas,2.94,-29.92,-51.21
64,Gravataí,,1,606,259,97,100,1749.67,0,5.94,44.32,8.83,,SH do Vale,2,SH do Vale,2,-29.94,-51.06
65,Gravataí,,1,603,215,116,116,1902.75,0,26.53,44.03,7.8,,SH Gravataí,3.48,SH Gravataí,3.48,-29.94,-51.03
66,Porto Alegre,Glória,2,578,230,115,140,1705.57,0,51.56,40.2,6.46,,SH Bourbon Teresópolis,2.19,SH Bourbon Teresópolis,2.19,-30.09,-51.19
67,Guaíba,Ermo,1,566,214,99,144,1364.75,100,26.15,34.96,7.94,Chega Mais,LJ Guaíba,1.85,LJ Guaíba,1.85,-30.12,-51.32
68,Porto Alegre,Vila Conceição | Sétimo Céu,2,560,206,116,132,1551.94,72.5,53.04,18.31,4.33,Vila Santa Bárbara,SH Barrasul,3.9,SH Barrasul,3.9,-30.12,-51.25
69,Gravataí,,1,526,184,115,139,1509.88,0,44.3,44.03,7.8,,SH Gravataí,1.88,SH Gravataí,1.88,-29.95,-51.02
70,Gravataí,,1,525,214,83,107,1576.39,0,15.62,42.19,6.04,,SH Gravataí,3.36,SH Gravataí,3.36,-29.93,-51.02
71,Sapucaia do Sul,,1,506,178,153,126,1454.92,0,35.18,57.14,6.49,,LJ Sapucaia do Sul,3.78,LJ Sapucaia do Sul,3.78,-29.83,-51.11
72,Porto Alegre,Navegantes,1,493,151,151,127,1449.34,0,43.7,42.82,7.92,,Aero Salgado Filho,2.81,SH Total,3.53,-30,-51.21
73,Sapucaia do Sul,,1,493,174,127,126,1745.14,0,28.19,49.05,7.18,,LJ Sapucaia do Sul,3.76,LJ Sapucaia do Sul,3.76,-29.85,-51.12
74,Porto Alegre,Anchieta | Sarandi,2,488,152,169,151,972.49,100,40.25,52.57,6.33,Vila Dique I,Aero Salgado Filho,2.82,SH Center Lar,3.28,-29.98,-51.16
75,Porto Alegre,Menino-Deus | Azenha,3,486,169,89,139,1700.63,0,67.63,7.53,4.79,,SH Praia de Belas,0.81,SH Praia de Belas,0.81,-30.05,-51.22
76,Gravataí,,2,484,175,126,124,1510.28,0,38.02,36.72,7.52,,SH do Vale,4.07,SH do Vale,4.07,-29.95,-51.04
77,Porto Alegre,Jardim Carvalho,1,481,163,120,125,1839.71,100,38.05,43.87,5.86,Vila Joana D'Arc,Loja Adm Porto Alegre,2.01,SH Iguatemi POA,3.77,-30.05,-51.14
78,Porto Alegre,Cristal,2,481,160,98,122,1744.94,38.25,45.53,17.45,4.7,Vila Cristal,SH Barrasul,0.74,SH Barrasul,0.74,-30.08,-51.24
79,Esteio,São Sebastião,1,454,150,116,115,1719.05,0,32.45,22.86,3.32,,LJ Esteio,1.69,LJ Esteio,1.69,-29.86,-51.18
80,Canoas,Olaria,1,436,153,92,100,1767.32,0,25.46,39.85,8.63,,SH Park Canoas,3.77,SH Park Canoas,3.77,-29.93,-51.13
81,Sapucaia do Sul,,1,430,218,71,98,1849.36,0,33.1,44.78,7.87,,LJ Sapucaia do Sul,2.3,LJ Sapucaia do Sul,2.3,-29.81,-51.17
82,Gravataí,,1,423,181,79,82,1824.97,0,21.04,44.03,7.8,,SH Gravataí,3.35,SH Gravataí,3.35,-29.95,-51.03
83,Canoas,Harmonia | Centro,2,422,146,136,101,1401.4,100,34.83,35.46,7.04,Rua Araçá / Ocupação Verdes Campos,CC Canoas,1.5,CC Canoas,1.5,-29.92,-51.19
84,Sapucaia do Sul,,1,415,137,98,98,1780.04,0,23.37,44.78,7.87,,LJ Sapucaia do Sul,4.94,LJ Sapucaia do Sul,4.94,-29.79,-51.18
85,Guaíba,Columbia City,1,412,147,78,94,1843.34,0,27.43,35.11,5.4,,LJ Guaíba,3.23,LJ Guaíba,3.23,-30.12,-51.35
86,Gravataí,,1,397,122,118,115,1409.78,100,46.35,45.2,7.9,Cruzeiro,SH do Vale,3.18,SH do Vale,3.18,-29.95,-51.05
87,Canoas,Mathias Velho,1,365,135,63,83,1945.92,0,29.04,41.58,6.87,,SH Canoas,2.04,SH Canoas,2.04,-29.9,-51.2
88,Sapucaia do Sul,,1,348,119,69,95,1675.54,100,32.56,40.82,6.29,Vila Botafogo,LJ Sapucaia do Sul,1.11,LJ Sapucaia do Sul,1.11,-29.83,-51.15
89,Canoas,Estância Velha,1,347,137,58,75,1785.25,0,7.2,33.46,6.25,,SH Park Canoas,1.88,SH Park Canoas,1.88,-29.91,-51.15
90,Gravataí,,1,337,110,102,94,1376.96,100,23.15,46.22,10,Itacolomi,SH Gravataí,3.87,SH Gravataí,3.87,-29.92,-51
91,Sapucaia do Sul,,2,333,119,75,88,1620.1,100,22.52,40.82,6.29,Kapsberg,LJ Sapucaia do Sul,2.73,LJ Sapucaia do Sul,2.73,-29.82,-51.18
92,Guaíba,Jardim Iolanda,1,287,105,73,69,1435.16,100,19.51,43.99,8.73,Vila Breno Guimarães,LJ Guaíba,3.39,LJ Guaíba,3.39,-30.14,-51.33
93,Canoas,Mato Grande,1,286,122,74,73,1346.12,0,44.41,41.82,6.14,,CC Canoas,4.65,CC Canoas,4.65,-29.94,-51.22
94,Porto Alegre,Vila Nova,1,283,98,69,61,1531.8,100,37.23,32.83,8.09,Vila Kanazawa,SH Bourbon Teresópolis,4.81,SH Bourbon Teresópolis,4.81,-30.12,-51.19
95,Canoas,Niterói,1,279,114,59,61,1941.57,0,28.78,54.04,6.7,,Aero Salgado Filho,3.29,SH Bourbon Wallig,5.19,-29.97,-51.17
96,Porto Alegre,Arquipélago,1,279,93,88,75,1029.54,100,54.84,42.82,7.92,Ilha do Pavão,SH Total,3.69,SH Total,3.69,-29.99,-51.22
97,Canoas,São José,1,277,84,87,73,1330.3,100,57.76,20.82,4.22,Vila dos Venezuelanos,SH Canoas,2.24,SH Canoas,2.24,-29.89,-51.18
98,Porto Alegre,Partenon,1,251,81,73,79,1322.19,100,50.2,25.01,5.24,Ceres,Loja Adm Porto Alegre,0.72,SH Bourbon Ipiranga,2.25,-30.06,-51.16
99,Canoas,São Luís,1,244,78,64,76,1200.39,100,40.98,41.58,6.87,Dique da Rua São Paulo,SH Canoas,1.38,SH Canoas,1.38,-29.9,-51.18
100,Porto Alegre,Boa Vista | Três Figueiras,2,244,77,76,66,1514.44,0,78.84,9.46,4.12,,SH Iguatemi POA,0.8,SH Iguatemi POA,0.8,-30.03,-51.17
101,Gravataí,,1,242,78,80,49,1464.34,100,10.74,42.19,6.04,Parque do Eucaliptos,SH do Vale,4.74,SH do Vale,4.74,-29.91,-51.04
102,Porto Alegre,Jardim Carvalho,1,242,100,46,66,1563.84,100,30.17,30.63,6.49,Vila Brasília II,Loja Adm Porto Alegre,1.59,SH Iguatemi POA,3.09,-30.05,-51.14
103,Sapucaia do Sul,,1,238,85,51,68,1447.68,0,21.85,44.78,7.87,,LJ Sapucaia do Sul,3.97,LJ Sapucaia do Sul,3.97,-29.81,-51.19
104,Guaíba,Altos da Alegria,1,225,85,46,49,1718.99,0,22.22,52.64,7.13,,LJ Guaíba,4.12,LJ Guaíba,4.12,-30.14,-51.34
105,Porto Alegre,Jardim Sabará,1,208,81,41,42,1760.43,100,39.9,30.15,6.35,Margarita,Loja Adm Porto Alegre,2.31,SH Iguatemi POA,2.44,-30.04,-51.14
106,Porto Alegre,Arquipélago,1,177,55,52,57,1413.08,100,31.64,42.82,7.92,Ilha dos Marinheiros,SH Total,4.4,SH Total,4.4,-29.99,-51.22
107,Gravataí,,1,160,58,26,48,1698.13,100,30.63,41.69,6.99,Morada Gaúcha I,SH Gravataí,4.05,SH Gravataí,4.05,-29.95,-50.95
108,Canoas,Mato Grande,1,152,50,43,44,1827.75,0,19.21,41.82,6.14,,SH Canoas,3.66,SH Canoas,3.66,-29.92,-51.22
109,Guaíba,,1,111,44,23,24,1320,0,20,45.57,6.88,,LJ Guaíba,4.2,LJ Guaíba,4.2,-30.09,-51.35
110,Porto Alegre,Jardim Carvalho,1,104,42,21,19,1589.83,100,25.96,30.63,6.49,Vila Santa Helena,Loja Adm Porto Alegre,1.33,SH Iguatemi POA,3.45,-30.05,-51.15
111,Canoas,Marechal Rondon,1,85,28,26,15,1638.5,0,100,13.98,3.5,,SH Park Canoas,0.4,SH Park Canoas,0.4,-29.92,-51.17
112,Porto Alegre,Vila Assunção,1,69,31,15,16,1882.26,0,50.75,16.22,3.85,,SH Barrasul,1.55,SH Barrasul,1.55,-30.1,-51.26
113,Porto Alegre,Arquipélago,1,66,21,22,18,1019.8,0,42.42,42.82,7.92,,SH Praia de Belas,2.96,SH Praia de Belas,2.96,-30.04,-51.26
114,Porto Alegre,Anchieta,1,53,17,15,17,1327.31,0,39.62,52.57,6.33,,Aero Salgado Filho,2.36,SH Center Lar,2.75,-29.99,-51.16
115,Porto Alegre,Sarandi,2,50,16,9,6,769.09,0,28.57,52.57,6.33,,SH Center Lar,1.52,SH Center Lar,1.52,-29.99,-51.15
116,Porto Alegre,Sarandi,1,42,17,4,0,1541.18,0,7.14,42.82,7.92,,SH do Vale,4.29,SH do Vale,4.29,-29.97,-51.1
117,Esteio,,1,41,8,10,5,1490.5,0,10.26,38.05,6.76,,LJ Esteio,3.35,LJ Esteio,3.35,-29.85,-51.21
118,Canoas,Industrial,1,32,13,6,4,1566.67,0,9.38,41.58,6.87,,LJ Esteio,4.33,LJ Esteio,4.33,-29.87,-51.21
119,Canoas,Brigadeira,1,20,9,0,0,1202.25,0,38.89,20.82,4.22,,LJ Esteio,3.24,LJ Esteio,3.24,-29.88,-51.17
120,Canoas,Mato Grande,1,15,6,3,0,1052,0,35.71,41.82,6.14,,CC Canoas,3.64,CC Canoas,3.64,-29.93,-51.21
121,Porto Alegre,Sarandi,1,15,6,0,0,564,0,0,52.57,6.33,,SH Center Lar,2.52,SH Center Lar,2.52,-29.98,-51.15
122,Cachoeirinha,,1,10,5,0,0,1409,0,0,32.1,6.93,,SH do Vale,3.34,SH do Vale,3.34,-29.96,-51.09
123,Porto Alegre,Anchieta,1,10,5,0,0,1050,0,37.5,15.18,5.45,,Aero Salgado Filho,1.03,SH Bourbon Wallig,2.01,-29.99,-51.17
